<?xml version="1.0" encoding="UTF-8"?>
<project-private xmlns="http://www.netbeans.org/ns/project-private/1">
    <editor-bookmarks xmlns="http://www.netbeans.org/ns/editor-bookmarks/2" lastBookmarkId="0"/>
    <open-files xmlns="http://www.netbeans.org/ns/projectui-open-files/2">
        <group>
            <file>file:/home/nim_13512501/Documents/IF3170-2015-T2/src/if3170/pkg2015/t2/core/OfflineLearningNominalDataClassifier.java</file>
            <file>file:/home/nim_13512501/Documents/IF3170-2015-T2/src/if3170/pkg2015/t2/core/NaiveBayes.java</file>
            <file>file:/home/nim_13512501/Documents/IF3170-2015-T2/test/if3170/pkg2015/t2/core/kNNTest.java</file>
            <file>file:/home/nim_13512501/Documents/IF3170-2015-T2/src/if3170/pkg2015/t2/core/kNN.java</file>
            <file>file:/home/nim_13512501/Documents/IF3170-2015-T2/src/if3170/pkg2015/t2/core/kFold.java</file>
            <file>file:/home/nim_13512501/Documents/IF3170-2015-T2/test/if3170/pkg2015/t2/core/NaiveBayesTest.java</file>
        </group>
    </open-files>
</project-private>
